"","Links","Images","Title","Price","Rating"
"1","https://amazon.com/sspa/click?ie=UTF8&spc=MTo2MzEzMzMyNDE4MzU3MzI0OjE3MzE5MzUxMDE6c3BfYXRmX2Jyb3dzZTozMDAwOTExMzU2OTUzMDI6OjA6Og&url=%2FCAMRIER-Adjustable-Traction-Cruciate-Arthritis%2Fdp%2FB0D8VZHDLR%2Fref%3Dsr_1_1_sspa%3Fdib%3DeyJ2IjoiMSJ9.bITea0Y5n2vim7nyrjdxodrPvrG2skdT93OdkYw_yutGkX3d9qowJTWuC4ETLkd1GdkFy1IHze3LAO1cLfw3yuMi-spaBH9lwPYRJHLcfzMLVnV3MDX7TvyK-vW5V_zJ22ByAWMPV7RC4xhRWmVpteCpm3NwidcIEOfZrHFbBVy5PxGNlOXT77KtotV8yYnw1tUG-PAIbG32CBU_3abbSskvEFyXb2Wrr_A9eA1LanFKYNQcBj6hbjkjNy63NliGt7KtmPP7Z56IhQFU4lRv2KtqcaKreMVI0zVLndOEB30.c_Lps0UWEuxjA80FNaa75pj0v69bV2g4YAGEIreNPPg%26dib_tag%3Dse%26qid%3D1731935101%26s%3Dpet-supplies%26sr%3D1-1-spons%26sp_csd%3Dd2lkZ2V0TmFtZT1zcF9hdGZfYnJvd3Nl%26psc%3D1","https://m.media-amazon.com/images/I/71GAvo3L1BL._AC_UL320_.jpg","2X Support Dog Knee Brace with Metal Strips for Joint Pain Relief, Dog Leg Braces for Torn Acl Hind Leg, Rear Leg Brace with Adjustable Traction Belt for Cruciate Ligament Injury, Arthritis","19.","3.5 out of 5 stars"
"2","https://amazon.com/sspa/click?ie=UTF8&spc=MTo2MzEzMzMyNDE4MzU3MzI0OjE3MzE5MzUxMDE6c3BfYXRmX2Jyb3dzZTozMDAwMjk3ODA5MTYzMDI6OjA6Og&url=%2FLISPOO-Leg%25EF%25BC%258CLuxating-Patella%25EF%25BC%258CDog-Relieves-Recovery%2Fdp%2FB0CB7QF8GJ%2Fref%3Dsr_1_2_sspa%3Fdib%3DeyJ2IjoiMSJ9.bITea0Y5n2vim7nyrjdxodrPvrG2skdT93OdkYw_yutGkX3d9qowJTWuC4ETLkd1GdkFy1IHze3LAO1cLfw3yuMi-spaBH9lwPYRJHLcfzMLVnV3MDX7TvyK-vW5V_zJ22ByAWMPV7RC4xhRWmVpteCpm3NwidcIEOfZrHFbBVy5PxGNlOXT77KtotV8yYnw1tUG-PAIbG32CBU_3abbSskvEFyXb2Wrr_A9eA1LanFKYNQcBj6hbjkjNy63NliGt7KtmPP7Z56IhQFU4lRv2KtqcaKreMVI0zVLndOEB30.c_Lps0UWEuxjA80FNaa75pj0v69bV2g4YAGEIreNPPg%26dib_tag%3Dse%26qid%3D1731935101%26s%3Dpet-supplies%26sr%3D1-2-spons%26sp_csd%3Dd2lkZ2V0TmFtZT1zcF9hdGZfYnJvd3Nl%26psc%3D1","https://m.media-amazon.com/images/I/71khWBVR-9L._AC_UL320_.jpg","Dog Acl Knee Brace for Torn Acl Leg，Luxating Patella，Dog Knee Braces for Back Leg Warm Joint and Relieves Joint Pain,Better Recovery with Dog Acl Knee Brace(XL)","153.","4.0 out of 5 stars"
"3","https://amazon.com/sspa/click?ie=UTF8&spc=MTo2MzEzMzMyNDE4MzU3MzI0OjE3MzE5MzUxMDE6c3BfYXRmX2Jyb3dzZTozMDAwMDM5MTI0MTE0MDI6OjA6Og&url=%2FLeak-Proof-Absorbent-Thicken-Disposable-Training%2Fdp%2FB0C4V2M8HV%2Fref%3Dsr_1_3_sspa%3Fdib%3DeyJ2IjoiMSJ9.bITea0Y5n2vim7nyrjdxodrPvrG2skdT93OdkYw_yutGkX3d9qowJTWuC4ETLkd1GdkFy1IHze3LAO1cLfw3yuMi-spaBH9lwPYRJHLcfzMLVnV3MDX7TvyK-vW5V_zJ22ByAWMPV7RC4xhRWmVpteCpm3NwidcIEOfZrHFbBVy5PxGNlOXT77KtotV8yYnw1tUG-PAIbG32CBU_3abbSskvEFyXb2Wrr_A9eA1LanFKYNQcBj6hbjkjNy63NliGt7KtmPP7Z56IhQFU4lRv2KtqcaKreMVI0zVLndOEB30.c_Lps0UWEuxjA80FNaa75pj0v69bV2g4YAGEIreNPPg%26dib_tag%3Dse%26qid%3D1731935101%26s%3Dpet-supplies%26sr%3D1-3-spons%26sp_csd%3Dd2lkZ2V0TmFtZT1zcF9hdGZfYnJvd3Nl%26psc%3D1","https://m.media-amazon.com/images/I/81r7s3T9RyL._AC_UL320_.jpg","Puppy Pee Pads for Dogs 31""x47"" 40 Count, Pee Pads Extra Large, Leak-Proof & Super Absorbent Dog Pee Pads, Thicken Disposable Potty Pads Puppy Training Pads for Cats Rabbits (40PCS)","42.","4.6 out of 5 stars"
"4","https://amazon.com/Earth-Rated-Lavender-Scented-Completely/dp/B00BSYR7K8/ref=sr_1_4?dib=eyJ2IjoiMSJ9.bITea0Y5n2vim7nyrjdxodrPvrG2skdT93OdkYw_yutGkX3d9qowJTWuC4ETLkd1GdkFy1IHze3LAO1cLfw3yuMi-spaBH9lwPYRJHLcfzMLVnV3MDX7TvyK-vW5V_zJ22ByAWMPV7RC4xhRWmVpteCpm3NwidcIEOfZrHFbBVy5PxGNlOXT77KtotV8yYnw1tUG-PAIbG32CBU_3abbSskvEFyXb2Wrr_A9eA1LanFKYNQcBj6hbjkjNy63NliGt7KtmPP7Z56IhQFU4lRv2KtqcaKreMVI0zVLndOEB30.c_Lps0UWEuxjA80FNaa75pj0v69bV2g4YAGEIreNPPg&dib_tag=se&qid=1731935101&s=pet-supplies&sr=1-4","https://m.media-amazon.com/images/I/71l4DqotI3L._AC_UL320_.jpg","Earth Rated Dog Poop Bags, Guaranteed Leak Proof and Extra Thick Waste Bag Refill Rolls For Dogs, Lavender Scented, 270 Count","13.","4.8 out of 5 stars"
"5","https://amazon.com/Amazon-Basics-Leak-Proof-Quick-Dry-Absorbency/dp/B00MW8G62E/ref=sr_1_5?dib=eyJ2IjoiMSJ9.bITea0Y5n2vim7nyrjdxodrPvrG2skdT93OdkYw_yutGkX3d9qowJTWuC4ETLkd1GdkFy1IHze3LAO1cLfw3yuMi-spaBH9lwPYRJHLcfzMLVnV3MDX7TvyK-vW5V_zJ22ByAWMPV7RC4xhRWmVpteCpm3NwidcIEOfZrHFbBVy5PxGNlOXT77KtotV8yYnw1tUG-PAIbG32CBU_3abbSskvEFyXb2Wrr_A9eA1LanFKYNQcBj6hbjkjNy63NliGt7KtmPP7Z56IhQFU4lRv2KtqcaKreMVI0zVLndOEB30.c_Lps0UWEuxjA80FNaa75pj0v69bV2g4YAGEIreNPPg&dib_tag=se&qid=1731935101&s=pet-supplies&sr=1-5","https://m.media-amazon.com/images/I/71LHksRF15L._AC_UL320_.jpg","Amazon Basics Dog and Puppy Pee Pads with Leak-Proof Quick-Dry Design for Potty Training, Standard Absorbency, Regular Size, 22 x 22 Inches, Pack of 100, Blue & White","20.","4.5 out of 5 stars"
"6","https://amazon.com/All-Absorb-Male-Dog-Wrap-Count/dp/B07C22NTL4/ref=sr_1_6?dib=eyJ2IjoiMSJ9.bITea0Y5n2vim7nyrjdxodrPvrG2skdT93OdkYw_yutGkX3d9qowJTWuC4ETLkd1GdkFy1IHze3LAO1cLfw3yuMi-spaBH9lwPYRJHLcfzMLVnV3MDX7TvyK-vW5V_zJ22ByAWMPV7RC4xhRWmVpteCpm3NwidcIEOfZrHFbBVy5PxGNlOXT77KtotV8yYnw1tUG-PAIbG32CBU_3abbSskvEFyXb2Wrr_A9eA1LanFKYNQcBj6hbjkjNy63NliGt7KtmPP7Z56IhQFU4lRv2KtqcaKreMVI0zVLndOEB30.c_Lps0UWEuxjA80FNaa75pj0v69bV2g4YAGEIreNPPg&dib_tag=se&qid=1731935101&s=pet-supplies&sr=1-6","https://m.media-amazon.com/images/I/71gYlXY6i-L._AC_UL320_.jpg","HONEY CARE All-Absorb A26 Male Dog Wrap, 50 Count, Small","14.","4.7 out of 5 stars"
"7","https://amazon.com/Benebone-Wishbone-Durable-Aggressive-Chewers/dp/B00CPDWT2M/ref=sr_1_7?dib=eyJ2IjoiMSJ9.bITea0Y5n2vim7nyrjdxodrPvrG2skdT93OdkYw_yutGkX3d9qowJTWuC4ETLkd1GdkFy1IHze3LAO1cLfw3yuMi-spaBH9lwPYRJHLcfzMLVnV3MDX7TvyK-vW5V_zJ22ByAWMPV7RC4xhRWmVpteCpm3NwidcIEOfZrHFbBVy5PxGNlOXT77KtotV8yYnw1tUG-PAIbG32CBU_3abbSskvEFyXb2Wrr_A9eA1LanFKYNQcBj6hbjkjNy63NliGt7KtmPP7Z56IhQFU4lRv2KtqcaKreMVI0zVLndOEB30.c_Lps0UWEuxjA80FNaa75pj0v69bV2g4YAGEIreNPPg&dib_tag=se&qid=1731935101&s=pet-supplies&sr=1-7","https://m.media-amazon.com/images/I/71LADJi+wCL._AC_UL320_.jpg","Benebone Wishbone Durable Dog Chew Toy for Aggressive Chewers, Real Bacon, Made in USA, Medium","9.","4.5 out of 5 stars"
"8","https://amazon.com/Best-Pet-Supplies-Stuffing-Squeaker/dp/B09BBM5CX8/ref=sr_1_8?dib=eyJ2IjoiMSJ9.bITea0Y5n2vim7nyrjdxodrPvrG2skdT93OdkYw_yutGkX3d9qowJTWuC4ETLkd1GdkFy1IHze3LAO1cLfw3yuMi-spaBH9lwPYRJHLcfzMLVnV3MDX7TvyK-vW5V_zJ22ByAWMPV7RC4xhRWmVpteCpm3NwidcIEOfZrHFbBVy5PxGNlOXT77KtotV8yYnw1tUG-PAIbG32CBU_3abbSskvEFyXb2Wrr_A9eA1LanFKYNQcBj6hbjkjNy63NliGt7KtmPP7Z56IhQFU4lRv2KtqcaKreMVI0zVLndOEB30.c_Lps0UWEuxjA80FNaa75pj0v69bV2g4YAGEIreNPPg&dib_tag=se&qid=1731935101&s=pet-supplies&sr=1-8","https://m.media-amazon.com/images/I/61iLNIUwPnL._AC_UL320_.jpg","Best Pet Supplies Crinkle Dog Toy for Small, Medium, and Large Breeds, Cute No Stuffing Duck with Soft Squeaker, Fun for Indoor Puppies and Senior Pups, Plush No Mess Chew and Play - Yellow","5.","4.4 out of 5 stars"
"9","https://amazon.com/Pet-MD-Cleaner-Cleanser-Eucalyptus/dp/B01IRO7WR4/ref=sr_1_9?dib=eyJ2IjoiMSJ9.bITea0Y5n2vim7nyrjdxodrPvrG2skdT93OdkYw_yutGkX3d9qowJTWuC4ETLkd1GdkFy1IHze3LAO1cLfw3yuMi-spaBH9lwPYRJHLcfzMLVnV3MDX7TvyK-vW5V_zJ22ByAWMPV7RC4xhRWmVpteCpm3NwidcIEOfZrHFbBVy5PxGNlOXT77KtotV8yYnw1tUG-PAIbG32CBU_3abbSskvEFyXb2Wrr_A9eA1LanFKYNQcBj6hbjkjNy63NliGt7KtmPP7Z56IhQFU4lRv2KtqcaKreMVI0zVLndOEB30.c_Lps0UWEuxjA80FNaa75pj0v69bV2g4YAGEIreNPPg&dib_tag=se&qid=1731935101&s=pet-supplies&sr=1-9","https://m.media-amazon.com/images/I/61ah9s1MK9L._AC_UL320_.jpg","Pet MD - Dog Ear Cleaner Wipes - Otic Cleanser for Dogs to Stop Ear Itching, and Infections with Aloe and Eucalyptus - 100 Count","14.","4.6 out of 5 stars"
"10","https://amazon.com/2024release-Deterrent-Long-range-ultrasonic-Alternative/dp/B0BMBC1FJX/ref=sr_1_10?dib=eyJ2IjoiMSJ9.bITea0Y5n2vim7nyrjdxodrPvrG2skdT93OdkYw_yutGkX3d9qowJTWuC4ETLkd1GdkFy1IHze3LAO1cLfw3yuMi-spaBH9lwPYRJHLcfzMLVnV3MDX7TvyK-vW5V_zJ22ByAWMPV7RC4xhRWmVpteCpm3NwidcIEOfZrHFbBVy5PxGNlOXT77KtotV8yYnw1tUG-PAIbG32CBU_3abbSskvEFyXb2Wrr_A9eA1LanFKYNQcBj6hbjkjNy63NliGt7KtmPP7Z56IhQFU4lRv2KtqcaKreMVI0zVLndOEB30.c_Lps0UWEuxjA80FNaa75pj0v69bV2g4YAGEIreNPPg&dib_tag=se&qid=1731935101&s=pet-supplies&sr=1-10","https://m.media-amazon.com/images/I/81oNhSyyfwL._AC_UL320_.jpg","2024release Dog Bark Deterrent Device Stops Bad Behavior | No need yell or swat, Just point to a dog (own or neighbor's) Hit the button | Long-range ultrasonic, Alternative to painful dog shock collar","39.","4.5 out of 5 stars"
"11","https://amazon.com/Leakproof-Strong-Sturdy-Lavender-Scented/dp/B0CP915PZY/ref=sr_1_11?dib=eyJ2IjoiMSJ9.bITea0Y5n2vim7nyrjdxodrPvrG2skdT93OdkYw_yutGkX3d9qowJTWuC4ETLkd1GdkFy1IHze3LAO1cLfw3yuMi-spaBH9lwPYRJHLcfzMLVnV3MDX7TvyK-vW5V_zJ22ByAWMPV7RC4xhRWmVpteCpm3NwidcIEOfZrHFbBVy5PxGNlOXT77KtotV8yYnw1tUG-PAIbG32CBU_3abbSskvEFyXb2Wrr_A9eA1LanFKYNQcBj6hbjkjNy63NliGt7KtmPP7Z56IhQFU4lRv2KtqcaKreMVI0zVLndOEB30.c_Lps0UWEuxjA80FNaa75pj0v69bV2g4YAGEIreNPPg&dib_tag=se&qid=1731935101&s=pet-supplies&sr=1-11","https://m.media-amazon.com/images/I/71qyykxhqsL._AC_UL320_.jpg","240 Count 13” x 9”Dog Waste Bags Rolls, Leakproof Strong & Sturdy Bags for Dogs, Doggie Bags Cats Litter Bags,Trash Bags for Doggy Pets","6.","4.7 out of 5 stars"
"12","https://amazon.com/Zymox-Otic-Ear-Solution-Hydrocortisone/dp/B0025YOJXS/ref=sr_1_12?dib=eyJ2IjoiMSJ9.bITea0Y5n2vim7nyrjdxodrPvrG2skdT93OdkYw_yutGkX3d9qowJTWuC4ETLkd1GdkFy1IHze3LAO1cLfw3yuMi-spaBH9lwPYRJHLcfzMLVnV3MDX7TvyK-vW5V_zJ22ByAWMPV7RC4xhRWmVpteCpm3NwidcIEOfZrHFbBVy5PxGNlOXT77KtotV8yYnw1tUG-PAIbG32CBU_3abbSskvEFyXb2Wrr_A9eA1LanFKYNQcBj6hbjkjNy63NliGt7KtmPP7Z56IhQFU4lRv2KtqcaKreMVI0zVLndOEB30.c_Lps0UWEuxjA80FNaa75pj0v69bV2g4YAGEIreNPPg&dib_tag=se&qid=1731935101&s=pet-supplies&sr=1-12","https://m.media-amazon.com/images/I/7120SPuPm5L._AC_UL320_.jpg","Zymox Otic Enzymatic Solution for Dogs and Cats to Soothe Ear Infections with 1% Hydrocortisone for Itch Relief, 1.25oz","23.","4.7 out of 5 stars"
"13","https://amazon.com/sspa/click?ie=UTF8&spc=MTo2MzEzMzMyNDE4MzU3MzI0OjE3MzE5MzUxMDE6c3BfbXRmX2Jyb3dzZTozMDA0NjMyMzcwMzA0MDI6OjA6Og&url=%2FLeap-Years-Soft-Chew-Supplement%2Fdp%2FB0D3S6LWST%2Fref%3Dsr_1_13_sspa%3Fdib%3DeyJ2IjoiMSJ9.bITea0Y5n2vim7nyrjdxodrPvrG2skdT93OdkYw_yutGkX3d9qowJTWuC4ETLkd1GdkFy1IHze3LAO1cLfw3yuMi-spaBH9lwPYRJHLcfzMLVnV3MDX7TvyK-vW5V_zJ22ByAWMPV7RC4xhRWmVpteCpm3NwidcIEOfZrHFbBVy5PxGNlOXT77KtotV8yYnw1tUG-PAIbG32CBU_3abbSskvEFyXb2Wrr_A9eA1LanFKYNQcBj6hbjkjNy63NliGt7KtmPP7Z56IhQFU4lRv2KtqcaKreMVI0zVLndOEB30.c_Lps0UWEuxjA80FNaa75pj0v69bV2g4YAGEIreNPPg%26dib_tag%3Dse%26qid%3D1731935101%26s%3Dpet-supplies%26sr%3D1-13-spons%26sp_csd%3Dd2lkZ2V0TmFtZT1zcF9tdGZfYnJvd3Nl%26psc%3D1","https://m.media-amazon.com/images/I/51-6A3r3dZL._AC_UL320_.jpg","Leap Years Soft Chew Dog Supplement – Clinically Proven Daily NAD & Senolytic Formula; Support Cognition, Vitality & Healthy Cellular Aging; Beef Flavor (Small/Medium Breed (<54 lbs))","69.","5.0 out of 5 stars"
"14","https://amazon.com/sspa/click?ie=UTF8&spc=MTo2MzEzMzMyNDE4MzU3MzI0OjE3MzE5MzUxMDE6c3BfbXRmX2Jyb3dzZTozMDA0NDA0MzU1OTA0MDI6OjA6Og&url=%2F6ft-Washable-Pee-Pads-Dogs%2Fdp%2FB0DBFTB2C6%2Fref%3Dsr_1_14_sspa%3Fdib%3DeyJ2IjoiMSJ9.bITea0Y5n2vim7nyrjdxodrPvrG2skdT93OdkYw_yutGkX3d9qowJTWuC4ETLkd1GdkFy1IHze3LAO1cLfw3yuMi-spaBH9lwPYRJHLcfzMLVnV3MDX7TvyK-vW5V_zJ22ByAWMPV7RC4xhRWmVpteCpm3NwidcIEOfZrHFbBVy5PxGNlOXT77KtotV8yYnw1tUG-PAIbG32CBU_3abbSskvEFyXb2Wrr_A9eA1LanFKYNQcBj6hbjkjNy63NliGt7KtmPP7Z56IhQFU4lRv2KtqcaKreMVI0zVLndOEB30.c_Lps0UWEuxjA80FNaa75pj0v69bV2g4YAGEIreNPPg%26dib_tag%3Dse%26qid%3D1731935101%26s%3Dpet-supplies%26sr%3D1-14-spons%26sp_csd%3Dd2lkZ2V0TmFtZT1zcF9tdGZfYnJvd3Nl%26psc%3D1","https://m.media-amazon.com/images/I/91KT+EXuxmL._AC_UL320_.jpg","6ft x 6ft Washable Pee Pads for Dogs - Extra Large Super Absorbent Reusable Dog Training Pads, Waterproof Non-Slip Leakproof Whelping Pad, Pee Pads for Dog Floor, Bed","39.","4.6 out of 5 stars"
"15","https://amazon.com/sspa/click?ie=UTF8&spc=MTo2MzEzMzMyNDE4MzU3MzI0OjE3MzE5MzUxMDE6c3BfbXRmX2Jyb3dzZTozMDA0ODMyOTM1OTY0MDI6OjA6Og&url=%2FHiksuky-Essential-Leak-Proof-Dispenser-Adventures%2Fdp%2FB0D27WLJJ7%2Fref%3Dsr_1_15_sspa%3Fdib%3DeyJ2IjoiMSJ9.bITea0Y5n2vim7nyrjdxodrPvrG2skdT93OdkYw_yutGkX3d9qowJTWuC4ETLkd1GdkFy1IHze3LAO1cLfw3yuMi-spaBH9lwPYRJHLcfzMLVnV3MDX7TvyK-vW5V_zJ22ByAWMPV7RC4xhRWmVpteCpm3NwidcIEOfZrHFbBVy5PxGNlOXT77KtotV8yYnw1tUG-PAIbG32CBU_3abbSskvEFyXb2Wrr_A9eA1LanFKYNQcBj6hbjkjNy63NliGt7KtmPP7Z56IhQFU4lRv2KtqcaKreMVI0zVLndOEB30.c_Lps0UWEuxjA80FNaa75pj0v69bV2g4YAGEIreNPPg%26dib_tag%3Dse%26qid%3D1731935101%26s%3Dpet-supplies%26sr%3D1-15-spons%26sp_csd%3Dd2lkZ2V0TmFtZT1zcF9tdGZfYnJvd3Nl%26psc%3D1","https://m.media-amazon.com/images/I/61gcx7yMJ9L._AC_UL320_.jpg","19Oz Dog Water Bottle, Foldable & Portable Pet Travel Essential, Food Grade Leak-Proof Silicone Drink Bottle with Dispenser, Perfect for Walks and Adventures","9.","4.2 out of 5 stars"
"16","https://amazon.com/Earth-Rated-USDA-Certified-Hypoallergenic-Deodorizing/dp/B07NHL31CC/ref=sr_1_16?dib=eyJ2IjoiMSJ9.bITea0Y5n2vim7nyrjdxodrPvrG2skdT93OdkYw_yutGkX3d9qowJTWuC4ETLkd1GdkFy1IHze3LAO1cLfw3yuMi-spaBH9lwPYRJHLcfzMLVnV3MDX7TvyK-vW5V_zJ22ByAWMPV7RC4xhRWmVpteCpm3NwidcIEOfZrHFbBVy5PxGNlOXT77KtotV8yYnw1tUG-PAIbG32CBU_3abbSskvEFyXb2Wrr_A9eA1LanFKYNQcBj6hbjkjNy63NliGt7KtmPP7Z56IhQFU4lRv2KtqcaKreMVI0zVLndOEB30.c_Lps0UWEuxjA80FNaa75pj0v69bV2g4YAGEIreNPPg&dib_tag=se&qid=1731935101&s=pet-supplies&sr=1-16","https://m.media-amazon.com/images/I/61aJFGGJmQL._AC_UL320_.jpg","Earth Rated Textured Pet Wipes for Dogs & Cats, Cleaning and Odor-Controlling Grooming Wipes for Paws, Body, and Butt, Unscented, 100 Count","","4.6 out of 5 stars"
"17","https://amazon.com/Pet-Dog-Cat-Hair-Remover-Couch/dp/B00BAGTNAQ/ref=sr_1_17?dib=eyJ2IjoiMSJ9.bITea0Y5n2vim7nyrjdxodrPvrG2skdT93OdkYw_yutGkX3d9qowJTWuC4ETLkd1GdkFy1IHze3LAO1cLfw3yuMi-spaBH9lwPYRJHLcfzMLVnV3MDX7TvyK-vW5V_zJ22ByAWMPV7RC4xhRWmVpteCpm3NwidcIEOfZrHFbBVy5PxGNlOXT77KtotV8yYnw1tUG-PAIbG32CBU_3abbSskvEFyXb2Wrr_A9eA1LanFKYNQcBj6hbjkjNy63NliGt7KtmPP7Z56IhQFU4lRv2KtqcaKreMVI0zVLndOEB30.c_Lps0UWEuxjA80FNaa75pj0v69bV2g4YAGEIreNPPg&dib_tag=se&qid=1731935101&s=pet-supplies&sr=1-17","https://m.media-amazon.com/images/I/71YFOZ2k0XL._AC_UL320_.jpg","Chom Chom Roller Pet Hair Remover and Reusable Lint Roller - ChomChom Cat and Dog Hair Remover for Furniture, Couch, Carpet, Clothing and Bedding - Portable, Multi-Surface Fur Removal Tool","24.","4.5 out of 5 stars"
"18","https://amazon.com/Wahl-Lavendar-Chamomile-Shampoo-Conditioner/dp/B005CUTW8O/ref=sr_1_18?dib=eyJ2IjoiMSJ9.bITea0Y5n2vim7nyrjdxodrPvrG2skdT93OdkYw_yutGkX3d9qowJTWuC4ETLkd1GdkFy1IHze3LAO1cLfw3yuMi-spaBH9lwPYRJHLcfzMLVnV3MDX7TvyK-vW5V_zJ22ByAWMPV7RC4xhRWmVpteCpm3NwidcIEOfZrHFbBVy5PxGNlOXT77KtotV8yYnw1tUG-PAIbG32CBU_3abbSskvEFyXb2Wrr_A9eA1LanFKYNQcBj6hbjkjNy63NliGt7KtmPP7Z56IhQFU4lRv2KtqcaKreMVI0zVLndOEB30.c_Lps0UWEuxjA80FNaa75pj0v69bV2g4YAGEIreNPPg&dib_tag=se&qid=1731935101&s=pet-supplies&sr=1-18","https://m.media-amazon.com/images/I/71R6qzbwB0L._AC_UL320_.jpg","Wahl USA 4-in-1 Calming Pet Shampoo for Dogs – Cleans, Conditions, Detangles, & Moisturizes with Lavender Chamomile - Pet Friendly Formula - 24 Oz - Model 820000A","8.","4.7 out of 5 stars"
"19","https://amazon.com/Dog-Shock-Collar-Rechargeable-Collar/dp/B0CFX9F59C/ref=sr_1_19?dib=eyJ2IjoiMSJ9.bITea0Y5n2vim7nyrjdxodrPvrG2skdT93OdkYw_yutGkX3d9qowJTWuC4ETLkd1GdkFy1IHze3LAO1cLfw3yuMi-spaBH9lwPYRJHLcfzMLVnV3MDX7TvyK-vW5V_zJ22ByAWMPV7RC4xhRWmVpteCpm3NwidcIEOfZrHFbBVy5PxGNlOXT77KtotV8yYnw1tUG-PAIbG32CBU_3abbSskvEFyXb2Wrr_A9eA1LanFKYNQcBj6hbjkjNy63NliGt7KtmPP7Z56IhQFU4lRv2KtqcaKreMVI0zVLndOEB30.c_Lps0UWEuxjA80FNaa75pj0v69bV2g4YAGEIreNPPg&dib_tag=se&qid=1731935101&s=pet-supplies&sr=1-19","https://m.media-amazon.com/images/I/81GrhcfEMeL._AC_UL320_.jpg","Jugbow Dog Shock Collar - 3300FT Dog Training Collar with Remote Innovative IPX7 Waterproof with 4 Training Modes, Rechargeable E-Collar for All Breeds","41.","4.3 out of 5 stars"
"20","https://amazon.com/Virbac-Control-Enzymatic-Toothpaste-Poultry/dp/B00RZDXA7K/ref=sr_1_20?dib=eyJ2IjoiMSJ9.bITea0Y5n2vim7nyrjdxodrPvrG2skdT93OdkYw_yutGkX3d9qowJTWuC4ETLkd1GdkFy1IHze3LAO1cLfw3yuMi-spaBH9lwPYRJHLcfzMLVnV3MDX7TvyK-vW5V_zJ22ByAWMPV7RC4xhRWmVpteCpm3NwidcIEOfZrHFbBVy5PxGNlOXT77KtotV8yYnw1tUG-PAIbG32CBU_3abbSskvEFyXb2Wrr_A9eA1LanFKYNQcBj6hbjkjNy63NliGt7KtmPP7Z56IhQFU4lRv2KtqcaKreMVI0zVLndOEB30.c_Lps0UWEuxjA80FNaa75pj0v69bV2g4YAGEIreNPPg&dib_tag=se&qid=1731935101&s=pet-supplies&sr=1-20","https://m.media-amazon.com/images/I/71KfByVA16L._AC_UL320_.jpg","Virbac CET Enzymatic Toothpaste| Eliminates Bad Breath by Removing Plaque & Tartar Buildup | Best Pet Dental Care Toothpaste | Poultry Flavor, 2.5 oz tube","11.","4.6 out of 5 stars"
"21","https://amazon.com/Seresto-Vet-Recommended-Treatment-Prevention-Collar/dp/B00B8CG602/ref=sr_1_21?dib=eyJ2IjoiMSJ9.bITea0Y5n2vim7nyrjdxodrPvrG2skdT93OdkYw_yutGkX3d9qowJTWuC4ETLkd1GdkFy1IHze3LAO1cLfw3yuMi-spaBH9lwPYRJHLcfzMLVnV3MDX7TvyK-vW5V_zJ22ByAWMPV7RC4xhRWmVpteCpm3NwidcIEOfZrHFbBVy5PxGNlOXT77KtotV8yYnw1tUG-PAIbG32CBU_3abbSskvEFyXb2Wrr_A9eA1LanFKYNQcBj6hbjkjNy63NliGt7KtmPP7Z56IhQFU4lRv2KtqcaKreMVI0zVLndOEB30.c_Lps0UWEuxjA80FNaa75pj0v69bV2g4YAGEIreNPPg&dib_tag=se&qid=1731935101&s=pet-supplies&sr=1-21","https://m.media-amazon.com/images/I/71ul7uasPQL._AC_UL320_.jpg","Seresto Large Dog Vet-Recommended Flea & Tick Treatment & Prevention Collar for Dogs Over 18 lbs. | 8 Months Protection","59.","4.5 out of 5 stars"
"22","https://amazon.com/OhGeni-Grey-Dog-Large-Dogs/dp/B0CNXCCXC9/ref=sr_1_22?dib=eyJ2IjoiMSJ9.bITea0Y5n2vim7nyrjdxodrPvrG2skdT93OdkYw_yutGkX3d9qowJTWuC4ETLkd1GdkFy1IHze3LAO1cLfw3yuMi-spaBH9lwPYRJHLcfzMLVnV3MDX7TvyK-vW5V_zJ22ByAWMPV7RC4xhRWmVpteCpm3NwidcIEOfZrHFbBVy5PxGNlOXT77KtotV8yYnw1tUG-PAIbG32CBU_3abbSskvEFyXb2Wrr_A9eA1LanFKYNQcBj6hbjkjNy63NliGt7KtmPP7Z56IhQFU4lRv2KtqcaKreMVI0zVLndOEB30.c_Lps0UWEuxjA80FNaa75pj0v69bV2g4YAGEIreNPPg&dib_tag=se&qid=1731935101&s=pet-supplies&sr=1-22","https://m.media-amazon.com/images/I/71dVSS75WiL._AC_UL320_.jpg","35 Inch Orthopedic Waterproof & Machine Washable Dog Bed with Egg Crate Foam Support, Non-Slip Bottom and Removable Pet Bed Cover for Extra Large, Large, Medium, Small Dogs (Gray)","39.","4.3 out of 5 stars"
"23","https://amazon.com/Greener-Walker-Waste-540-Strong-Biodegradable/dp/B07YFX41HQ/ref=sr_1_23?dib=eyJ2IjoiMSJ9.bITea0Y5n2vim7nyrjdxodrPvrG2skdT93OdkYw_yutGkX3d9qowJTWuC4ETLkd1GdkFy1IHze3LAO1cLfw3yuMi-spaBH9lwPYRJHLcfzMLVnV3MDX7TvyK-vW5V_zJ22ByAWMPV7RC4xhRWmVpteCpm3NwidcIEOfZrHFbBVy5PxGNlOXT77KtotV8yYnw1tUG-PAIbG32CBU_3abbSskvEFyXb2Wrr_A9eA1LanFKYNQcBj6hbjkjNy63NliGt7KtmPP7Z56IhQFU4lRv2KtqcaKreMVI0zVLndOEB30.c_Lps0UWEuxjA80FNaa75pj0v69bV2g4YAGEIreNPPg&dib_tag=se&qid=1731935101&s=pet-supplies&sr=1-23","https://m.media-amazon.com/images/I/71INpRu5oqL._AC_UL320_.jpg","Greener Walker Poop Bags for Dog Waste-540 Bags,Extra Thick Strong 100% Leak Proof Dog Waste Bags (Green)","16.","4.6 out of 5 stars"
"24","https://amazon.com/AIRROBO-Grooming-Capacity-Shedding-Groomer/dp/B0BYNF9GZS/ref=sr_1_24?dib=eyJ2IjoiMSJ9.bITea0Y5n2vim7nyrjdxodrPvrG2skdT93OdkYw_yutGkX3d9qowJTWuC4ETLkd1GdkFy1IHze3LAO1cLfw3yuMi-spaBH9lwPYRJHLcfzMLVnV3MDX7TvyK-vW5V_zJ22ByAWMPV7RC4xhRWmVpteCpm3NwidcIEOfZrHFbBVy5PxGNlOXT77KtotV8yYnw1tUG-PAIbG32CBU_3abbSskvEFyXb2Wrr_A9eA1LanFKYNQcBj6hbjkjNy63NliGt7KtmPP7Z56IhQFU4lRv2KtqcaKreMVI0zVLndOEB30.c_Lps0UWEuxjA80FNaa75pj0v69bV2g4YAGEIreNPPg&dib_tag=se&qid=1731935101&s=pet-supplies&sr=1-24","https://m.media-amazon.com/images/I/71cp1iMcqaL._AC_UL320_.jpg","AIRROBO Dog Grooming Vacuum, Dog Grooming Kit,12000Pa Strong Pet Grooming Vacuum for Dogs, 2L Large Capacity Dog Vacuum for Shedding Grooming Hair, Dog Hair Vacuum, 5 Pet Grooming Tools, Quiet,PG100","89.","4.5 out of 5 stars"
"25","https://amazon.com/Absorbency-Disposable-Underpads-Leakproof-Incontinence/dp/B0CPPLFQKB/ref=sr_1_25?dib=eyJ2IjoiMSJ9.bITea0Y5n2vim7nyrjdxodrPvrG2skdT93OdkYw_yutGkX3d9qowJTWuC4ETLkd1GdkFy1IHze3LAO1cLfw3yuMi-spaBH9lwPYRJHLcfzMLVnV3MDX7TvyK-vW5V_zJ22ByAWMPV7RC4xhRWmVpteCpm3NwidcIEOfZrHFbBVy5PxGNlOXT77KtotV8yYnw1tUG-PAIbG32CBU_3abbSskvEFyXb2Wrr_A9eA1LanFKYNQcBj6hbjkjNy63NliGt7KtmPP7Z56IhQFU4lRv2KtqcaKreMVI0zVLndOEB30.c_Lps0UWEuxjA80FNaa75pj0v69bV2g4YAGEIreNPPg&dib_tag=se&qid=1731935101&s=pet-supplies&sr=1-25","https://m.media-amazon.com/images/I/71UJUWZ09GL._AC_UL320_.jpg","50 Count 30” x 36” Super Absorbency Disposable Underpads, Leakproof Quick Drying, Baby Puppy & Adults Bed Pads Disposable Adults, Dog Pee Pads Extra Large, XXL Incontinence Pads","27.","4.4 out of 5 stars"
"26","https://amazon.com/Veken-Innovation-Stainless-Automatic-Replacement/dp/B0CK1MXC7J/ref=sr_1_26?dib=eyJ2IjoiMSJ9.bITea0Y5n2vim7nyrjdxodrPvrG2skdT93OdkYw_yutGkX3d9qowJTWuC4ETLkd1GdkFy1IHze3LAO1cLfw3yuMi-spaBH9lwPYRJHLcfzMLVnV3MDX7TvyK-vW5V_zJ22ByAWMPV7RC4xhRWmVpteCpm3NwidcIEOfZrHFbBVy5PxGNlOXT77KtotV8yYnw1tUG-PAIbG32CBU_3abbSskvEFyXb2Wrr_A9eA1LanFKYNQcBj6hbjkjNy63NliGt7KtmPP7Z56IhQFU4lRv2KtqcaKreMVI0zVLndOEB30.c_Lps0UWEuxjA80FNaa75pj0v69bV2g4YAGEIreNPPg&dib_tag=se&qid=1731935101&s=pet-supplies&sr=1-26","https://m.media-amazon.com/images/I/71x0hwtJC8L._AC_UL320_.jpg","Veken Innovation Award Winner Stainless Steel Cat Water Fountain, 95oz/2.8L Automatic Pet Fountain Dog Water Dispenser with Replacement Filters & Silicone Mat for Cats, Dogs, Multiple Pets (Silver)","35.","4.3 out of 5 stars"
"27","https://amazon.com/Veken-Fountain-Automatic-Dispenser-Replacement/dp/B08NCDBT7Q/ref=sr_1_27?dib=eyJ2IjoiMSJ9.bITea0Y5n2vim7nyrjdxodrPvrG2skdT93OdkYw_yutGkX3d9qowJTWuC4ETLkd1GdkFy1IHze3LAO1cLfw3yuMi-spaBH9lwPYRJHLcfzMLVnV3MDX7TvyK-vW5V_zJ22ByAWMPV7RC4xhRWmVpteCpm3NwidcIEOfZrHFbBVy5PxGNlOXT77KtotV8yYnw1tUG-PAIbG32CBU_3abbSskvEFyXb2Wrr_A9eA1LanFKYNQcBj6hbjkjNy63NliGt7KtmPP7Z56IhQFU4lRv2KtqcaKreMVI0zVLndOEB30.c_Lps0UWEuxjA80FNaa75pj0v69bV2g4YAGEIreNPPg&dib_tag=se&qid=1731935101&s=pet-supplies&sr=1-27","https://m.media-amazon.com/images/I/610vx-FyZUL._AC_UL320_.jpg","Veken 95oz/2.8L Pet Fountain, Automatic Cat Water Fountain Dog Water Dispenser with Replacement Filters for Cats, Dogs, Multiple Pets (Grey, Plastic)","23.","4.3 out of 5 stars"
"28","https://amazon.com/Chuckit-Ultra-Fetch-Stick-Dog/dp/B07SK3R2C3/ref=sr_1_28?dib=eyJ2IjoiMSJ9.bITea0Y5n2vim7nyrjdxodrPvrG2skdT93OdkYw_yutGkX3d9qowJTWuC4ETLkd1GdkFy1IHze3LAO1cLfw3yuMi-spaBH9lwPYRJHLcfzMLVnV3MDX7TvyK-vW5V_zJ22ByAWMPV7RC4xhRWmVpteCpm3NwidcIEOfZrHFbBVy5PxGNlOXT77KtotV8yYnw1tUG-PAIbG32CBU_3abbSskvEFyXb2Wrr_A9eA1LanFKYNQcBj6hbjkjNy63NliGt7KtmPP7Z56IhQFU4lRv2KtqcaKreMVI0zVLndOEB30.c_Lps0UWEuxjA80FNaa75pj0v69bV2g4YAGEIreNPPg&dib_tag=se&qid=1731935101&s=pet-supplies&sr=1-28","https://m.media-amazon.com/images/I/81f+3nxhjZL._AC_UL320_.jpg","Chuckit! Ultra Fetch Dog Stick for All Breed Sizes - Perfect for Small, Medium, and Large Dogs - Outdoor Fetching and Throwing Pet Toy - Made from Durable Rubber - 12 Inches - Orange and Blue","5.","4.5 out of 5 stars"
"29","https://amazon.com/U-play-Best-Value-Training-Pads/dp/B07L72ST5Q/ref=sr_1_29?dib=eyJ2IjoiMSJ9.bITea0Y5n2vim7nyrjdxodrPvrG2skdT93OdkYw_yutGkX3d9qowJTWuC4ETLkd1GdkFy1IHze3LAO1cLfw3yuMi-spaBH9lwPYRJHLcfzMLVnV3MDX7TvyK-vW5V_zJ22ByAWMPV7RC4xhRWmVpteCpm3NwidcIEOfZrHFbBVy5PxGNlOXT77KtotV8yYnw1tUG-PAIbG32CBU_3abbSskvEFyXb2Wrr_A9eA1LanFKYNQcBj6hbjkjNy63NliGt7KtmPP7Z56IhQFU4lRv2KtqcaKreMVI0zVLndOEB30.c_Lps0UWEuxjA80FNaa75pj0v69bV2g4YAGEIreNPPg&dib_tag=se&qid=1731935101&s=pet-supplies&sr=1-29","https://m.media-amazon.com/images/I/71cMeJGGYWL._AC_UL320_.jpg","COCOYO Best Value Training Pads 30 Count | Dog Pee Pads | Super Absorbent Puppy Pads","6.","4.5 out of 5 stars"
"30","https://amazon.com/FAFAFROG-Rechargeable-Adjustable-Sensitivity-Vibration/dp/B09VT74GKL/ref=sr_1_30?dib=eyJ2IjoiMSJ9.bITea0Y5n2vim7nyrjdxodrPvrG2skdT93OdkYw_yutGkX3d9qowJTWuC4ETLkd1GdkFy1IHze3LAO1cLfw3yuMi-spaBH9lwPYRJHLcfzMLVnV3MDX7TvyK-vW5V_zJ22ByAWMPV7RC4xhRWmVpteCpm3NwidcIEOfZrHFbBVy5PxGNlOXT77KtotV8yYnw1tUG-PAIbG32CBU_3abbSskvEFyXb2Wrr_A9eA1LanFKYNQcBj6hbjkjNy63NliGt7KtmPP7Z56IhQFU4lRv2KtqcaKreMVI0zVLndOEB30.c_Lps0UWEuxjA80FNaa75pj0v69bV2g4YAGEIreNPPg&dib_tag=se&qid=1731935101&s=pet-supplies&sr=1-30","https://m.media-amazon.com/images/I/71g9njORXzL._AC_UL320_.jpg","Dog Bark Collar, Rechargeable Smart Collar, Anti Barking Training Collar with 5 Adjustable Sensitivity Beep Vibration, Bark Collar for Large Medium Small Dogs (Black)","48.","4.3 out of 5 stars"
