"","Links","Images","Description","Price","Rating"
"1","https://amazon.com/sspa/click?ie=UTF8&spc=MTo3NjY1OTk5NDkwOTI0NzgzOjE3MzE5NDQ3NzY6c3BfYXRmX2Jyb3dzZTozMDAwOTc2MDA3MjgwMDI6OjA6Og&url=%2FTensine-Supplies-Drawing-Pencils-Sketching%2Fdp%2FB09WTSMH67%2Fref%3Dsr_1_1_sspa%3Fdib%3DeyJ2IjoiMSJ9.HKYuO0myqjMkrLEraS-H_BjotThFWkPSBSu_nJXu1LD9lPlyWo9JKpyfS5kvse0APKD25F_3R0XF4_JsZZ1KhEkdtssd7zpSDkY4wlGT_3MVwFKxVGNR8pi0EhJAoPHgxBkASZvywIzAMudt1anRe4taqKEdTm6VRdVKwBimuQGO1cQN4Ud-CmFgd2p-rh-EcYCHaWr0uzzl2gOWOsT_sbv3PmZVW4uaSSF5gPFnU4G2jVJPcus-0nnnXhSFRyCQb64BNwosX-_7KkKpflTFlPDQkl7kwae-o9LCEp8Gm_0.kfmFyG__73kVIhFlBy_T3SSkPhx3SS_kMuNBt6JMWnc%26dib_tag%3Dse%26qid%3D1731944775%26s%3Darts-crafts-intl-ship%26sr%3D1-1-spons%26sp_csd%3Dd2lkZ2V0TmFtZT1zcF9hdGZfYnJvd3Nl%26psc%3D1","https://m.media-amazon.com/images/I/81IUR6bmKvL._AC_UL320_.jpg","Art Supplies Drawing Kit, 146Pcs Drawing Pencils for Sketching - Include Colored, Graphite, Colored, Metallic, Charcoal Pencil, Ideal Gift for Beginners & Professional Artists Teens & Adults","39.","4.7 out of 5 stars"
"2","https://amazon.com/sspa/click?ie=UTF8&spc=MTo3NjY1OTk5NDkwOTI0NzgzOjE3MzE5NDQ3NzY6c3BfYXRmX2Jyb3dzZToyMDAwMjc2MTUwNjU4OTg6OjA6Og&url=%2F74pcs-Assorted-Drawing-Pencil-Set%2Fdp%2FB081ZY3Y7G%2Fref%3Dsr_1_2_sspa%3Fdib%3DeyJ2IjoiMSJ9.HKYuO0myqjMkrLEraS-H_BjotThFWkPSBSu_nJXu1LD9lPlyWo9JKpyfS5kvse0APKD25F_3R0XF4_JsZZ1KhEkdtssd7zpSDkY4wlGT_3MVwFKxVGNR8pi0EhJAoPHgxBkASZvywIzAMudt1anRe4taqKEdTm6VRdVKwBimuQGO1cQN4Ud-CmFgd2p-rh-EcYCHaWr0uzzl2gOWOsT_sbv3PmZVW4uaSSF5gPFnU4G2jVJPcus-0nnnXhSFRyCQb64BNwosX-_7KkKpflTFlPDQkl7kwae-o9LCEp8Gm_0.kfmFyG__73kVIhFlBy_T3SSkPhx3SS_kMuNBt6JMWnc%26dib_tag%3Dse%26qid%3D1731944775%26s%3Darts-crafts-intl-ship%26sr%3D1-2-spons%26sp_csd%3Dd2lkZ2V0TmFtZT1zcF9hdGZfYnJvd3Nl%26psc%3D1","https://m.media-amazon.com/images/I/81lpxybWt0L._AC_UL320_.jpg","KALOUR 76pc Art Supply Set - Sketching & Drawing Kit with Tutorial Book, Sketchbook & Paper - Pencils, Pastels, Watercolors for Beginner Artists","24.","4.8 out of 5 stars"
"3","https://amazon.com/sspa/click?ie=UTF8&spc=MTo3NjY1OTk5NDkwOTI0NzgzOjE3MzE5NDQ3NzY6c3BfYXRmX2Jyb3dzZTozMDA1MDU3MTc4Nzc3MDI6OjA6Og&url=%2FCokiki-Supplies-184-Watercolor-Beginners%2Fdp%2FB0CHS1LQHT%2Fref%3Dsr_1_3_sspa%3Fdib%3DeyJ2IjoiMSJ9.HKYuO0myqjMkrLEraS-H_BjotThFWkPSBSu_nJXu1LD9lPlyWo9JKpyfS5kvse0APKD25F_3R0XF4_JsZZ1KhEkdtssd7zpSDkY4wlGT_3MVwFKxVGNR8pi0EhJAoPHgxBkASZvywIzAMudt1anRe4taqKEdTm6VRdVKwBimuQGO1cQN4Ud-CmFgd2p-rh-EcYCHaWr0uzzl2gOWOsT_sbv3PmZVW4uaSSF5gPFnU4G2jVJPcus-0nnnXhSFRyCQb64BNwosX-_7KkKpflTFlPDQkl7kwae-o9LCEp8Gm_0.kfmFyG__73kVIhFlBy_T3SSkPhx3SS_kMuNBt6JMWnc%26dib_tag%3Dse%26qid%3D1731944775%26s%3Darts-crafts-intl-ship%26sr%3D1-3-spons%26sp_csd%3Dd2lkZ2V0TmFtZT1zcF9hdGZfYnJvd3Nl%26psc%3D1","https://m.media-amazon.com/images/I/81aekZMLdhL._AC_UL320_.jpg","Cokiki Art Supplies, 184 PCS Drawing Coloring Art Set, Art Kit with Colored Pencils,Crayons,Oil Pastels,Watercolor Paint Set,Arts and Crafts for Kids 6-12,Teens,Adults Artist Beginners","30.","4.7 out of 5 stars"
"4","https://amazon.com/Posca-Markers-Reversible-Acrylic-Supplies/dp/B001ANVDMA/ref=sr_1_4?dib=eyJ2IjoiMSJ9.HKYuO0myqjMkrLEraS-H_BjotThFWkPSBSu_nJXu1LD9lPlyWo9JKpyfS5kvse0APKD25F_3R0XF4_JsZZ1KhEkdtssd7zpSDkY4wlGT_3MVwFKxVGNR8pi0EhJAoPHgxBkASZvywIzAMudt1anRe4taqKEdTm6VRdVKwBimuQGO1cQN4Ud-CmFgd2p-rh-EcYCHaWr0uzzl2gOWOsT_sbv3PmZVW4uaSSF5gPFnU4G2jVJPcus-0nnnXhSFRyCQb64BNwosX-_7KkKpflTFlPDQkl7kwae-o9LCEp8Gm_0.kfmFyG__73kVIhFlBy_T3SSkPhx3SS_kMuNBt6JMWnc&dib_tag=se&qid=1731944775&s=arts-crafts-intl-ship&sr=1-4","https://m.media-amazon.com/images/I/81n06Btv5pL._AC_UL320_.jpg","15 Posca Paint Markers, 3M Fine Posca Markers of Acrylic Paint Penswith Reversible Tips | Posca Pens for Art Supplies, Fabric Paint, Fabric Markers, Paint Pen, Art Markers","23.","4.7 out of 5 stars"
"5","https://amazon.com/Soucolor-72-Color-Coloring-Crafting-72-Colors/dp/B01N09ZDEI/ref=sr_1_5?dib=eyJ2IjoiMSJ9.HKYuO0myqjMkrLEraS-H_BjotThFWkPSBSu_nJXu1LD9lPlyWo9JKpyfS5kvse0APKD25F_3R0XF4_JsZZ1KhEkdtssd7zpSDkY4wlGT_3MVwFKxVGNR8pi0EhJAoPHgxBkASZvywIzAMudt1anRe4taqKEdTm6VRdVKwBimuQGO1cQN4Ud-CmFgd2p-rh-EcYCHaWr0uzzl2gOWOsT_sbv3PmZVW4uaSSF5gPFnU4G2jVJPcus-0nnnXhSFRyCQb64BNwosX-_7KkKpflTFlPDQkl7kwae-o9LCEp8Gm_0.kfmFyG__73kVIhFlBy_T3SSkPhx3SS_kMuNBt6JMWnc&dib_tag=se&qid=1731944775&s=arts-crafts-intl-ship&sr=1-5","https://m.media-amazon.com/images/I/81mbDWmT1NL._AC_UL320_.jpg","Soucolor 72-Color Colored Pencils for Adult Coloring Books, Back to School Supplies, Soft Core Artist Sketching Drawing Pencils Drawing Supplies, Art Supplies Kit for Adults Kids, Coloring Pencils Set","8.","4.7 out of 5 stars"
"6","https://amazon.com/Betem-Acrylic-Painting-Surfaces-Supplies/dp/B09VCYS41G/ref=sr_1_6?dib=eyJ2IjoiMSJ9.HKYuO0myqjMkrLEraS-H_BjotThFWkPSBSu_nJXu1LD9lPlyWo9JKpyfS5kvse0APKD25F_3R0XF4_JsZZ1KhEkdtssd7zpSDkY4wlGT_3MVwFKxVGNR8pi0EhJAoPHgxBkASZvywIzAMudt1anRe4taqKEdTm6VRdVKwBimuQGO1cQN4Ud-CmFgd2p-rh-EcYCHaWr0uzzl2gOWOsT_sbv3PmZVW4uaSSF5gPFnU4G2jVJPcus-0nnnXhSFRyCQb64BNwosX-_7KkKpflTFlPDQkl7kwae-o9LCEp8Gm_0.kfmFyG__73kVIhFlBy_T3SSkPhx3SS_kMuNBt6JMWnc&dib_tag=se&qid=1731944775&s=arts-crafts-intl-ship&sr=1-6","https://m.media-amazon.com/images/I/81FV47uX-nL._AC_UL320_.jpg","Betem 24 Colors Dual Tip Acrylic Paint Pens Markers, Premium Acrylic Paint Pens for Wood, Canvas, Stone, Rock Painting, Glass, Ceramic Surfaces, DIY Crafts Making Art Supplies","11.","4.6 out of 5 stars"
"7","https://amazon.com/100-Sheets-Sketchbook-Artistic-Painting-Beginners/dp/B08TLK1ZSV/ref=sr_1_7?dib=eyJ2IjoiMSJ9.HKYuO0myqjMkrLEraS-H_BjotThFWkPSBSu_nJXu1LD9lPlyWo9JKpyfS5kvse0APKD25F_3R0XF4_JsZZ1KhEkdtssd7zpSDkY4wlGT_3MVwFKxVGNR8pi0EhJAoPHgxBkASZvywIzAMudt1anRe4taqKEdTm6VRdVKwBimuQGO1cQN4Ud-CmFgd2p-rh-EcYCHaWr0uzzl2gOWOsT_sbv3PmZVW4uaSSF5gPFnU4G2jVJPcus-0nnnXhSFRyCQb64BNwosX-_7KkKpflTFlPDQkl7kwae-o9LCEp8Gm_0.kfmFyG__73kVIhFlBy_T3SSkPhx3SS_kMuNBt6JMWnc&dib_tag=se&qid=1731944775&s=arts-crafts-intl-ship&sr=1-7","https://m.media-amazon.com/images/I/71mrpkslSuL._AC_UL320_.jpg","9 x 12 inches Sketch Book, Top Spiral Bound Sketch Pad, 1 Pack 100-Sheets (68lb/100gsm), Acid Free Art Sketchbook Artistic Drawing Painting Writing Paper for Kids Adults Beginners Artists","9.","4.8 out of 5 stars"
"8","https://amazon.com/Caliart-Supplies-Sketching-Watercolor-Beginners/dp/B0B7N2Q1NQ/ref=sr_1_8?dib=eyJ2IjoiMSJ9.HKYuO0myqjMkrLEraS-H_BjotThFWkPSBSu_nJXu1LD9lPlyWo9JKpyfS5kvse0APKD25F_3R0XF4_JsZZ1KhEkdtssd7zpSDkY4wlGT_3MVwFKxVGNR8pi0EhJAoPHgxBkASZvywIzAMudt1anRe4taqKEdTm6VRdVKwBimuQGO1cQN4Ud-CmFgd2p-rh-EcYCHaWr0uzzl2gOWOsT_sbv3PmZVW4uaSSF5gPFnU4G2jVJPcus-0nnnXhSFRyCQb64BNwosX-_7KkKpflTFlPDQkl7kwae-o9LCEp8Gm_0.kfmFyG__73kVIhFlBy_T3SSkPhx3SS_kMuNBt6JMWnc&dib_tag=se&qid=1731944775&s=arts-crafts-intl-ship&sr=1-8","https://m.media-amazon.com/images/I/81kHcBYZS7L._AC_UL320_.jpg","Caliart 176PCS Art Supplies Sketching Kit with 100 Sheets 3-Color Sketch Book, Graphite Colored Charcoal Watercolor & Metallic Pencils, School Supplies Gifts for Artists Adults Teens Girls Boys Kids","29.","4.8 out of 5 stars"
"9","https://amazon.com/Fineliner-Journaling-Calendar-Coloring-Supplies/dp/B0772XSNXY/ref=sr_1_9?dib=eyJ2IjoiMSJ9.HKYuO0myqjMkrLEraS-H_BjotThFWkPSBSu_nJXu1LD9lPlyWo9JKpyfS5kvse0APKD25F_3R0XF4_JsZZ1KhEkdtssd7zpSDkY4wlGT_3MVwFKxVGNR8pi0EhJAoPHgxBkASZvywIzAMudt1anRe4taqKEdTm6VRdVKwBimuQGO1cQN4Ud-CmFgd2p-rh-EcYCHaWr0uzzl2gOWOsT_sbv3PmZVW4uaSSF5gPFnU4G2jVJPcus-0nnnXhSFRyCQb64BNwosX-_7KkKpflTFlPDQkl7kwae-o9LCEp8Gm_0.kfmFyG__73kVIhFlBy_T3SSkPhx3SS_kMuNBt6JMWnc&dib_tag=se&qid=1731944775&s=arts-crafts-intl-ship&sr=1-9","https://m.media-amazon.com/images/I/61Uz0P19r-L._AC_UL320_.jpg","iBayam Journal Planner Pens Colored Pens Fine Point Markers Fine Tip Drawing Pens Fineliner Pen for Bullet Journaling Writing Note Taking Calendar Coloring Art Office School Supplies, 18-Pack","8.","4.6 out of 5 stars"
"10","https://amazon.com/Melissa-Doug-Drawing-Paper-inches/dp/B01AW5V7PE/ref=sr_1_10?dib=eyJ2IjoiMSJ9.HKYuO0myqjMkrLEraS-H_BjotThFWkPSBSu_nJXu1LD9lPlyWo9JKpyfS5kvse0APKD25F_3R0XF4_JsZZ1KhEkdtssd7zpSDkY4wlGT_3MVwFKxVGNR8pi0EhJAoPHgxBkASZvywIzAMudt1anRe4taqKEdTm6VRdVKwBimuQGO1cQN4Ud-CmFgd2p-rh-EcYCHaWr0uzzl2gOWOsT_sbv3PmZVW4uaSSF5gPFnU4G2jVJPcus-0nnnXhSFRyCQb64BNwosX-_7KkKpflTFlPDQkl7kwae-o9LCEp8Gm_0.kfmFyG__73kVIhFlBy_T3SSkPhx3SS_kMuNBt6JMWnc&dib_tag=se&qid=1731944775&s=arts-crafts-intl-ship&sr=1-10","https://m.media-amazon.com/images/I/71lpDhVWZ7L._AC_UL320_.jpg","Melissa & Doug Drawing Paper Pad (9 x 12 inches) - 50 Sheets, 3-Pack - FSC Certified","10.","4.8 out of 5 stars"
"11","https://amazon.com/Yagol-Coloring-Professional-Sketching-Beginners/dp/B0C2YPJDFL/ref=sr_1_11?dib=eyJ2IjoiMSJ9.HKYuO0myqjMkrLEraS-H_BjotThFWkPSBSu_nJXu1LD9lPlyWo9JKpyfS5kvse0APKD25F_3R0XF4_JsZZ1KhEkdtssd7zpSDkY4wlGT_3MVwFKxVGNR8pi0EhJAoPHgxBkASZvywIzAMudt1anRe4taqKEdTm6VRdVKwBimuQGO1cQN4Ud-CmFgd2p-rh-EcYCHaWr0uzzl2gOWOsT_sbv3PmZVW4uaSSF5gPFnU4G2jVJPcus-0nnnXhSFRyCQb64BNwosX-_7KkKpflTFlPDQkl7kwae-o9LCEp8Gm_0.kfmFyG__73kVIhFlBy_T3SSkPhx3SS_kMuNBt6JMWnc&dib_tag=se&qid=1731944775&s=arts-crafts-intl-ship&sr=1-11","https://m.media-amazon.com/images/I/81GKkj0BcLL._AC_UL320_.jpg","Colored Pencils for Adult Coloring Books, 72 Colored Professional Drawing Pencils, Coloring Pencils for Adults Beginners Teen & Pro.","9.","4.7 out of 5 stars"
"12","https://amazon.com/Paintbrushes-Watercolor-Painting-Miniature-Detailing/dp/B07YDDF26Y/ref=sr_1_12?dib=eyJ2IjoiMSJ9.HKYuO0myqjMkrLEraS-H_BjotThFWkPSBSu_nJXu1LD9lPlyWo9JKpyfS5kvse0APKD25F_3R0XF4_JsZZ1KhEkdtssd7zpSDkY4wlGT_3MVwFKxVGNR8pi0EhJAoPHgxBkASZvywIzAMudt1anRe4taqKEdTm6VRdVKwBimuQGO1cQN4Ud-CmFgd2p-rh-EcYCHaWr0uzzl2gOWOsT_sbv3PmZVW4uaSSF5gPFnU4G2jVJPcus-0nnnXhSFRyCQb64BNwosX-_7KkKpflTFlPDQkl7kwae-o9LCEp8Gm_0.kfmFyG__73kVIhFlBy_T3SSkPhx3SS_kMuNBt6JMWnc&dib_tag=se&qid=1731944775&s=arts-crafts-intl-ship&sr=1-12","https://m.media-amazon.com/images/I/717vj8b2QkS._AC_UL320_.jpg","Soucolor Acrylic Paint Brushes Set, 20Pcs Round Pointed Tip Artist Paintbrushes for Acrylic Painting Oil Watercolor Canvas Boards Rock Body Face Nail Art, Halloween Pumpkin Ceramic Crafts Supplies","3.","4.6 out of 5 stars"
"13","https://amazon.com/sspa/click?ie=UTF8&spc=MTo3NjY1OTk5NDkwOTI0NzgzOjE3MzE5NDQ3NzY6c3BfbXRmX2Jyb3dzZTozMDAxOTM4NjI4NDkyMDI6OjA6Og&url=%2FArrtx-Markers-Acrylic-Artists-Coloring%2Fdp%2FB0CXPGDDP1%2Fref%3Dsr_1_13_sspa%3Fdib%3DeyJ2IjoiMSJ9.HKYuO0myqjMkrLEraS-H_BjotThFWkPSBSu_nJXu1LD9lPlyWo9JKpyfS5kvse0APKD25F_3R0XF4_JsZZ1KhEkdtssd7zpSDkY4wlGT_3MVwFKxVGNR8pi0EhJAoPHgxBkASZvywIzAMudt1anRe4taqKEdTm6VRdVKwBimuQGO1cQN4Ud-CmFgd2p-rh-EcYCHaWr0uzzl2gOWOsT_sbv3PmZVW4uaSSF5gPFnU4G2jVJPcus-0nnnXhSFRyCQb64BNwosX-_7KkKpflTFlPDQkl7kwae-o9LCEp8Gm_0.kfmFyG__73kVIhFlBy_T3SSkPhx3SS_kMuNBt6JMWnc%26dib_tag%3Dse%26qid%3D1731944775%26s%3Darts-crafts-intl-ship%26sr%3D1-13-spons%26sp_csd%3Dd2lkZ2V0TmFtZT1zcF9tdGZfYnJvd3Nl%26psc%3D1","https://m.media-amazon.com/images/I/71SkVBs7XJL._AC_UL320_.jpg","Arrtx 60 Colors Paint Markers Paint Pens, Acrylic Paint Pens for Artists Adults Coloring Drawing Cartoon Anime Comic - Brush Tip for Rock Painting, Wood, Canvas, DIY Crafts Making Art Supplies-60B","49.","4.6 out of 5 stars"
"14","https://amazon.com/sspa/click?ie=UTF8&spc=MTo3NjY1OTk5NDkwOTI0NzgzOjE3MzE5NDQ3NzY6c3BfbXRmX2Jyb3dzZTozMDAwMTM2MzExMzY0MDI6OjA6Og&url=%2FMarbling-Paint-Colors-Crafts-Activities%2Fdp%2FB08SC751LF%2Fref%3Dsr_1_14_sspa%3Fdib%3DeyJ2IjoiMSJ9.HKYuO0myqjMkrLEraS-H_BjotThFWkPSBSu_nJXu1LD9lPlyWo9JKpyfS5kvse0APKD25F_3R0XF4_JsZZ1KhEkdtssd7zpSDkY4wlGT_3MVwFKxVGNR8pi0EhJAoPHgxBkASZvywIzAMudt1anRe4taqKEdTm6VRdVKwBimuQGO1cQN4Ud-CmFgd2p-rh-EcYCHaWr0uzzl2gOWOsT_sbv3PmZVW4uaSSF5gPFnU4G2jVJPcus-0nnnXhSFRyCQb64BNwosX-_7KkKpflTFlPDQkl7kwae-o9LCEp8Gm_0.kfmFyG__73kVIhFlBy_T3SSkPhx3SS_kMuNBt6JMWnc%26dib_tag%3Dse%26qid%3D1731944775%26s%3Darts-crafts-intl-ship%26sr%3D1-14-spons%26sp_csd%3Dd2lkZ2V0TmFtZT1zcF9tdGZfYnJvd3Nl%26psc%3D1","https://m.media-amazon.com/images/I/811dT0oI0AL._AC_UL320_.jpg","TMOL Marbling Paint Art Kit, 18 Colors Water Marbling kit, Water Art Paint Set, Arts and Crafts for Girls & Boys Ages 6-12, Craft Kits Art Set for Activities","27.","4.4 out of 5 stars"
"15","https://amazon.com/sspa/click?ie=UTF8&spc=MTo3NjY1OTk5NDkwOTI0NzgzOjE3MzE5NDQ3NzY6c3BfbXRmX2Jyb3dzZTozMDA1MDQwMjkwOTA4MDI6OjA6Og&url=%2FMont-Marte-Acrylic-Colours-Cardboard%2Fdp%2FB07BPPGYB1%2Fref%3Dsr_1_15_sspa%3Fdib%3DeyJ2IjoiMSJ9.HKYuO0myqjMkrLEraS-H_BjotThFWkPSBSu_nJXu1LD9lPlyWo9JKpyfS5kvse0APKD25F_3R0XF4_JsZZ1KhEkdtssd7zpSDkY4wlGT_3MVwFKxVGNR8pi0EhJAoPHgxBkASZvywIzAMudt1anRe4taqKEdTm6VRdVKwBimuQGO1cQN4Ud-CmFgd2p-rh-EcYCHaWr0uzzl2gOWOsT_sbv3PmZVW4uaSSF5gPFnU4G2jVJPcus-0nnnXhSFRyCQb64BNwosX-_7KkKpflTFlPDQkl7kwae-o9LCEp8Gm_0.kfmFyG__73kVIhFlBy_T3SSkPhx3SS_kMuNBt6JMWnc%26dib_tag%3Dse%26qid%3D1731944775%26s%3Darts-crafts-intl-ship%26sr%3D1-15-spons%26sp_csd%3Dd2lkZ2V0TmFtZT1zcF9tdGZfYnJvd3Nl%26psc%3D1","https://m.media-amazon.com/images/I/71Xuw6Pdt2L._AC_UL320_.jpg","Mont Marte Acrylic Paint Set 24 Colours 36ml, Perfect for Canvas, Wood, Fabric, Leather, Cardboard, Paper, MDF and Crafts","24.","4.8 out of 5 stars"
"16","https://amazon.com/Bostitch-Personal-Electric-Sharpener-EPS4-BLUE/dp/B00125KXGI/ref=sr_1_16?dib=eyJ2IjoiMSJ9.HKYuO0myqjMkrLEraS-H_BjotThFWkPSBSu_nJXu1LD9lPlyWo9JKpyfS5kvse0APKD25F_3R0XF4_JsZZ1KhEkdtssd7zpSDkY4wlGT_3MVwFKxVGNR8pi0EhJAoPHgxBkASZvywIzAMudt1anRe4taqKEdTm6VRdVKwBimuQGO1cQN4Ud-CmFgd2p-rh-EcYCHaWr0uzzl2gOWOsT_sbv3PmZVW4uaSSF5gPFnU4G2jVJPcus-0nnnXhSFRyCQb64BNwosX-_7KkKpflTFlPDQkl7kwae-o9LCEp8Gm_0.kfmFyG__73kVIhFlBy_T3SSkPhx3SS_kMuNBt6JMWnc&dib_tag=se&qid=1731944775&s=arts-crafts-intl-ship&sr=1-16","https://m.media-amazon.com/images/I/71urOn7gN5L._AC_UL320_.jpg","Bostitch Office Personal Electric Pencil Sharpener, Powerful Stall-Free Motor, High Capacity Shavings Tray, Blue","15.","4.5 out of 5 stars"
"17","https://amazon.com/SHARPIE-Creative-Markers-Water-Based-Assorted/dp/B0CPMTDYVB/ref=sr_1_17?dib=eyJ2IjoiMSJ9.HKYuO0myqjMkrLEraS-H_BjotThFWkPSBSu_nJXu1LD9lPlyWo9JKpyfS5kvse0APKD25F_3R0XF4_JsZZ1KhEkdtssd7zpSDkY4wlGT_3MVwFKxVGNR8pi0EhJAoPHgxBkASZvywIzAMudt1anRe4taqKEdTm6VRdVKwBimuQGO1cQN4Ud-CmFgd2p-rh-EcYCHaWr0uzzl2gOWOsT_sbv3PmZVW4uaSSF5gPFnU4G2jVJPcus-0nnnXhSFRyCQb64BNwosX-_7KkKpflTFlPDQkl7kwae-o9LCEp8Gm_0.kfmFyG__73kVIhFlBy_T3SSkPhx3SS_kMuNBt6JMWnc&dib_tag=se&qid=1731944775&s=arts-crafts-intl-ship&sr=1-17","https://m.media-amazon.com/images/I/81em2uuf45L._AC_UL320_.jpg","Sharpie Creative Paint-like Brush Tip Acrylic Markers, Assorted Colors, 12 Count, Perfect for Art and Craft Supplies","17.","4.8 out of 5 stars"
"18","https://amazon.com/Fineliner-Lettering-Calligraphy-Sketching-Journaling/dp/B085DP36VF/ref=sr_1_18?dib=eyJ2IjoiMSJ9.HKYuO0myqjMkrLEraS-H_BjotThFWkPSBSu_nJXu1LD9lPlyWo9JKpyfS5kvse0APKD25F_3R0XF4_JsZZ1KhEkdtssd7zpSDkY4wlGT_3MVwFKxVGNR8pi0EhJAoPHgxBkASZvywIzAMudt1anRe4taqKEdTm6VRdVKwBimuQGO1cQN4Ud-CmFgd2p-rh-EcYCHaWr0uzzl2gOWOsT_sbv3PmZVW4uaSSF5gPFnU4G2jVJPcus-0nnnXhSFRyCQb64BNwosX-_7KkKpflTFlPDQkl7kwae-o9LCEp8Gm_0.kfmFyG__73kVIhFlBy_T3SSkPhx3SS_kMuNBt6JMWnc&dib_tag=se&qid=1731944775&s=arts-crafts-intl-ship&sr=1-18","https://m.media-amazon.com/images/I/81rf7fIPFZL._AC_UL320_.jpg","Soucolor Art Brush Markers Pens for Adult Coloring Books, 34 Colors Numbered Dual Tip (Brush and Fine Point) Marker Pen for Kids Note taking Planner Lettering Calligraphy Drawing Preppy School Stuff","9.","4.6 out of 5 stars"
"19","https://amazon.com/Hapikalor-Watercolor-Painting-Watercolors-Sketchbook/dp/B0D5R7JRKZ/ref=sr_1_19?dib=eyJ2IjoiMSJ9.HKYuO0myqjMkrLEraS-H_BjotThFWkPSBSu_nJXu1LD9lPlyWo9JKpyfS5kvse0APKD25F_3R0XF4_JsZZ1KhEkdtssd7zpSDkY4wlGT_3MVwFKxVGNR8pi0EhJAoPHgxBkASZvywIzAMudt1anRe4taqKEdTm6VRdVKwBimuQGO1cQN4Ud-CmFgd2p-rh-EcYCHaWr0uzzl2gOWOsT_sbv3PmZVW4uaSSF5gPFnU4G2jVJPcus-0nnnXhSFRyCQb64BNwosX-_7KkKpflTFlPDQkl7kwae-o9LCEp8Gm_0.kfmFyG__73kVIhFlBy_T3SSkPhx3SS_kMuNBt6JMWnc&dib_tag=se&qid=1731944775&s=arts-crafts-intl-ship&sr=1-19","https://m.media-amazon.com/images/I/61FbmMPtNbL._AC_UL320_.jpg","Hapikalor Watercolor Paper Pad, 9""x12"" Water Color Paper, 140lb/300gsm Artist Painting Drawing Paper Book, Art Supplies for Adults Kids, Watercolors, Watercolor Paint Set, Sketchbook, Journal, Teal","8.","4.7 out of 5 stars"
"20","https://amazon.com/Glitter-Coloring-Doodling-Scrapbook-Journals/dp/B07WNTQSC1/ref=sr_1_20?dib=eyJ2IjoiMSJ9.HKYuO0myqjMkrLEraS-H_BjotThFWkPSBSu_nJXu1LD9lPlyWo9JKpyfS5kvse0APKD25F_3R0XF4_JsZZ1KhEkdtssd7zpSDkY4wlGT_3MVwFKxVGNR8pi0EhJAoPHgxBkASZvywIzAMudt1anRe4taqKEdTm6VRdVKwBimuQGO1cQN4Ud-CmFgd2p-rh-EcYCHaWr0uzzl2gOWOsT_sbv3PmZVW4uaSSF5gPFnU4G2jVJPcus-0nnnXhSFRyCQb64BNwosX-_7KkKpflTFlPDQkl7kwae-o9LCEp8Gm_0.kfmFyG__73kVIhFlBy_T3SSkPhx3SS_kMuNBt6JMWnc&dib_tag=se&qid=1731944775&s=arts-crafts-intl-ship&sr=1-20","https://m.media-amazon.com/images/I/81RzTY9cM-L._AC_UL320_.jpg","Taotree Glitter Gel Pens, 32 Color Neon Glitter Pens Fine Tip Art Markers Set 40% More Ink Colored Gel Pens for Coloring Book, Drawing, Doodling, Scrapbook, Journaling, Sparkle Pen Easter Gifts kids","8.","4.6 out of 5 stars"
"21","https://amazon.com/Coloring-Highlighter-Lettering-Sketching-Art/dp/B07CJ8QXF8/ref=sr_1_21?dib=eyJ2IjoiMSJ9.HKYuO0myqjMkrLEraS-H_BjotThFWkPSBSu_nJXu1LD9lPlyWo9JKpyfS5kvse0APKD25F_3R0XF4_JsZZ1KhEkdtssd7zpSDkY4wlGT_3MVwFKxVGNR8pi0EhJAoPHgxBkASZvywIzAMudt1anRe4taqKEdTm6VRdVKwBimuQGO1cQN4Ud-CmFgd2p-rh-EcYCHaWr0uzzl2gOWOsT_sbv3PmZVW4uaSSF5gPFnU4G2jVJPcus-0nnnXhSFRyCQb64BNwosX-_7KkKpflTFlPDQkl7kwae-o9LCEp8Gm_0.kfmFyG__73kVIhFlBy_T3SSkPhx3SS_kMuNBt6JMWnc&dib_tag=se&qid=1731944775&s=arts-crafts-intl-ship&sr=1-21","https://m.media-amazon.com/images/I/71B-XIopy0L._AC_UL320_.jpg","Dual Markers Brush Pens, 36 Fine Point Art Marker, Double Tip Colored Pen for Adult Coloring Hand Lettering, School Classroom Art Suppliers","9.","4.6 out of 5 stars"
"22","https://amazon.com/Soucolor-1-Pack-Sketchbook-Painting-Sketching/dp/B0B19J9FZM/ref=sr_1_22?dib=eyJ2IjoiMSJ9.HKYuO0myqjMkrLEraS-H_BjotThFWkPSBSu_nJXu1LD9lPlyWo9JKpyfS5kvse0APKD25F_3R0XF4_JsZZ1KhEkdtssd7zpSDkY4wlGT_3MVwFKxVGNR8pi0EhJAoPHgxBkASZvywIzAMudt1anRe4taqKEdTm6VRdVKwBimuQGO1cQN4Ud-CmFgd2p-rh-EcYCHaWr0uzzl2gOWOsT_sbv3PmZVW4uaSSF5gPFnU4G2jVJPcus-0nnnXhSFRyCQb64BNwosX-_7KkKpflTFlPDQkl7kwae-o9LCEp8Gm_0.kfmFyG__73kVIhFlBy_T3SSkPhx3SS_kMuNBt6JMWnc&dib_tag=se&qid=1731944775&s=arts-crafts-intl-ship&sr=1-22","https://m.media-amazon.com/images/I/71I1HOAYmfL._AC_UL320_.jpg","Soucolor 9"" x 12"" Sketch Book, 1-Pack 100 Sheets Spiral Bound Art Sketchbook, (68lb/100gsm) Acid Free Artist Drawing Book Paper Painting Sketching Pad for Kids Students Adults Beginners","9.","4.8 out of 5 stars"
"23","https://amazon.com/Shimmer-Markers-Outline-Double-Line/dp/B0CGD74KX7/ref=sr_1_23?dib=eyJ2IjoiMSJ9.HKYuO0myqjMkrLEraS-H_BjotThFWkPSBSu_nJXu1LD9lPlyWo9JKpyfS5kvse0APKD25F_3R0XF4_JsZZ1KhEkdtssd7zpSDkY4wlGT_3MVwFKxVGNR8pi0EhJAoPHgxBkASZvywIzAMudt1anRe4taqKEdTm6VRdVKwBimuQGO1cQN4Ud-CmFgd2p-rh-EcYCHaWr0uzzl2gOWOsT_sbv3PmZVW4uaSSF5gPFnU4G2jVJPcus-0nnnXhSFRyCQb64BNwosX-_7KkKpflTFlPDQkl7kwae-o9LCEp8Gm_0.kfmFyG__73kVIhFlBy_T3SSkPhx3SS_kMuNBt6JMWnc&dib_tag=se&qid=1731944775&s=arts-crafts-intl-ship&sr=1-23","https://m.media-amazon.com/images/I/81-DcFK7INL._AC_UL320_.jpg","Shimmer Markers Outline Glitter Pens: 12 Christmas Stocking Stuffers Teenage Tween Teen Girl Gifts Trendy Stuff Cute Arts Crafts Art Supplies Kids Ages 4 6 8 9 10 14 16 18 Year Old Birthday Ideas 2024","9.","4.5 out of 5 stars"
"24","https://amazon.com/Bostitch-Personal-Electric-Sharpener-EPS4-BLACK/dp/B000MFN1G8/ref=sr_1_24?dib=eyJ2IjoiMSJ9.HKYuO0myqjMkrLEraS-H_BjotThFWkPSBSu_nJXu1LD9lPlyWo9JKpyfS5kvse0APKD25F_3R0XF4_JsZZ1KhEkdtssd7zpSDkY4wlGT_3MVwFKxVGNR8pi0EhJAoPHgxBkASZvywIzAMudt1anRe4taqKEdTm6VRdVKwBimuQGO1cQN4Ud-CmFgd2p-rh-EcYCHaWr0uzzl2gOWOsT_sbv3PmZVW4uaSSF5gPFnU4G2jVJPcus-0nnnXhSFRyCQb64BNwosX-_7KkKpflTFlPDQkl7kwae-o9LCEp8Gm_0.kfmFyG__73kVIhFlBy_T3SSkPhx3SS_kMuNBt6JMWnc&dib_tag=se&qid=1731944775&s=arts-crafts-intl-ship&sr=1-24","https://m.media-amazon.com/images/I/71y1EngDGIL._AC_UL320_.jpg","Compact Desktop Electric Pencil Sharpener, Black, Sold as 1 Each","14.","4.6 out of 5 stars"
"25","https://amazon.com/Chalk-Markers-Water-Based-Reversible-Restaurants/dp/B07QF31BNY/ref=sr_1_25?dib=eyJ2IjoiMSJ9.HKYuO0myqjMkrLEraS-H_BjotThFWkPSBSu_nJXu1LD9lPlyWo9JKpyfS5kvse0APKD25F_3R0XF4_JsZZ1KhEkdtssd7zpSDkY4wlGT_3MVwFKxVGNR8pi0EhJAoPHgxBkASZvywIzAMudt1anRe4taqKEdTm6VRdVKwBimuQGO1cQN4Ud-CmFgd2p-rh-EcYCHaWr0uzzl2gOWOsT_sbv3PmZVW4uaSSF5gPFnU4G2jVJPcus-0nnnXhSFRyCQb64BNwosX-_7KkKpflTFlPDQkl7kwae-o9LCEp8Gm_0.kfmFyG__73kVIhFlBy_T3SSkPhx3SS_kMuNBt6JMWnc&dib_tag=se&qid=1731944775&s=arts-crafts-intl-ship&sr=1-25","https://m.media-amazon.com/images/I/81sxmUgdgfL._AC_UL320_.jpg","Chalk Markers - 8 Vibrant, Erasable, Non-Toxic, Water-Based, Reversible Tips, For Kids & Adults for Glass or Chalkboard Markers for Businesses, Restaurants, Liquid Chalk Markers (Vibrant 6mm)","7.","4.5 out of 5 stars"
"26","https://amazon.com/Crayola-Washable-Markers-Retractable-Supplies/dp/B08LQYT546/ref=sr_1_26?dib=eyJ2IjoiMSJ9.HKYuO0myqjMkrLEraS-H_BjotThFWkPSBSu_nJXu1LD9lPlyWo9JKpyfS5kvse0APKD25F_3R0XF4_JsZZ1KhEkdtssd7zpSDkY4wlGT_3MVwFKxVGNR8pi0EhJAoPHgxBkASZvywIzAMudt1anRe4taqKEdTm6VRdVKwBimuQGO1cQN4Ud-CmFgd2p-rh-EcYCHaWr0uzzl2gOWOsT_sbv3PmZVW4uaSSF5gPFnU4G2jVJPcus-0nnnXhSFRyCQb64BNwosX-_7KkKpflTFlPDQkl7kwae-o9LCEp8Gm_0.kfmFyG__73kVIhFlBy_T3SSkPhx3SS_kMuNBt6JMWnc&dib_tag=se&qid=1731944775&s=arts-crafts-intl-ship&sr=1-26","https://m.media-amazon.com/images/I/61JDxDWtE9L._AC_UL320_.jpg","Crayola Clicks Retractable Tip Markers (10ct), Washable Art Marker Set, Coloring Markers for Kids, Stocking Stuffer for Kids, 3+","11.","4.7 out of 5 stars"
"27","https://amazon.com/Prismacolor-VE99016-Premier-Pencil-Sharpener/dp/B004ZDL0K2/ref=sr_1_27?dib=eyJ2IjoiMSJ9.HKYuO0myqjMkrLEraS-H_BjotThFWkPSBSu_nJXu1LD9lPlyWo9JKpyfS5kvse0APKD25F_3R0XF4_JsZZ1KhEkdtssd7zpSDkY4wlGT_3MVwFKxVGNR8pi0EhJAoPHgxBkASZvywIzAMudt1anRe4taqKEdTm6VRdVKwBimuQGO1cQN4Ud-CmFgd2p-rh-EcYCHaWr0uzzl2gOWOsT_sbv3PmZVW4uaSSF5gPFnU4G2jVJPcus-0nnnXhSFRyCQb64BNwosX-_7KkKpflTFlPDQkl7kwae-o9LCEp8Gm_0.kfmFyG__73kVIhFlBy_T3SSkPhx3SS_kMuNBt6JMWnc&dib_tag=se&qid=1731944775&s=arts-crafts-intl-ship&sr=1-27","https://m.media-amazon.com/images/I/71UGfXS6VyL._AC_UL320_.jpg","Prismacolor Premier Pencil Sharpener","5.","4.6 out of 5 stars"
"28","https://amazon.com/POSCA-8-Color-Paint-Marker-Medium/dp/B07Z86PHP8/ref=sr_1_28?dib=eyJ2IjoiMSJ9.HKYuO0myqjMkrLEraS-H_BjotThFWkPSBSu_nJXu1LD9lPlyWo9JKpyfS5kvse0APKD25F_3R0XF4_JsZZ1KhEkdtssd7zpSDkY4wlGT_3MVwFKxVGNR8pi0EhJAoPHgxBkASZvywIzAMudt1anRe4taqKEdTm6VRdVKwBimuQGO1cQN4Ud-CmFgd2p-rh-EcYCHaWr0uzzl2gOWOsT_sbv3PmZVW4uaSSF5gPFnU4G2jVJPcus-0nnnXhSFRyCQb64BNwosX-_7KkKpflTFlPDQkl7kwae-o9LCEp8Gm_0.kfmFyG__73kVIhFlBy_T3SSkPhx3SS_kMuNBt6JMWnc&dib_tag=se&qid=1731944775&s=arts-crafts-intl-ship&sr=1-28","https://m.media-amazon.com/images/I/71W0KCSQMuL._AC_UL320_.jpg","POSCA 8-Color Paint Marker Set, PC-5M Medium","","4.8 out of 5 stars"
"29","https://amazon.com/KALOUR-Colored-Coloring-Blending-Beginners/dp/B0BHYGM2XG/ref=sr_1_29?dib=eyJ2IjoiMSJ9.HKYuO0myqjMkrLEraS-H_BjotThFWkPSBSu_nJXu1LD9lPlyWo9JKpyfS5kvse0APKD25F_3R0XF4_JsZZ1KhEkdtssd7zpSDkY4wlGT_3MVwFKxVGNR8pi0EhJAoPHgxBkASZvywIzAMudt1anRe4taqKEdTm6VRdVKwBimuQGO1cQN4Ud-CmFgd2p-rh-EcYCHaWr0uzzl2gOWOsT_sbv3PmZVW4uaSSF5gPFnU4G2jVJPcus-0nnnXhSFRyCQb64BNwosX-_7KkKpflTFlPDQkl7kwae-o9LCEp8Gm_0.kfmFyG__73kVIhFlBy_T3SSkPhx3SS_kMuNBt6JMWnc&dib_tag=se&qid=1731944775&s=arts-crafts-intl-ship&sr=1-29","https://m.media-amazon.com/images/I/81QC9ijB-UL._AC_UL320_.jpg","KALOUR 72 Count Colored Pencils for Adult Coloring Books, Soft Core,Ideal for Drawing Blending Shading,Color Pencils Set Gift for Adults Kids Beginners","12.","4.7 out of 5 stars"
"30","https://amazon.com/Sakura-Pigma-30062-Micron-Blister/dp/B0008G8G8Y/ref=sr_1_30?dib=eyJ2IjoiMSJ9.HKYuO0myqjMkrLEraS-H_BjotThFWkPSBSu_nJXu1LD9lPlyWo9JKpyfS5kvse0APKD25F_3R0XF4_JsZZ1KhEkdtssd7zpSDkY4wlGT_3MVwFKxVGNR8pi0EhJAoPHgxBkASZvywIzAMudt1anRe4taqKEdTm6VRdVKwBimuQGO1cQN4Ud-CmFgd2p-rh-EcYCHaWr0uzzl2gOWOsT_sbv3PmZVW4uaSSF5gPFnU4G2jVJPcus-0nnnXhSFRyCQb64BNwosX-_7KkKpflTFlPDQkl7kwae-o9LCEp8Gm_0.kfmFyG__73kVIhFlBy_T3SSkPhx3SS_kMuNBt6JMWnc&dib_tag=se&qid=1731944775&s=arts-crafts-intl-ship&sr=1-30","https://m.media-amazon.com/images/I/81o8gOd-EHL._AC_UL320_.jpg","SAKURA Pigma Micron Fineliner Pens - Archival Black Ink Pens - Pens for Writing or Drawing - Holiday Gifts for Artists, Crafters & DIY Gifts Projects - Assorted Point Sizes - 6 Count","11.","4.8 out of 5 stars"
